{"coord": {"lon": -34.8811, "lat": -8.0539}, "weather": [{"id": 803, "main": "Clouds", "description": "broken clouds", "icon": "04n"}], "base": "stations", "main": {"temp": 300.17, "feels_like": 301.96, "temp_min": 300.17, "temp_max": 300.17, "pressure": 1016, "humidity": 69, "sea_level": 1016, "grnd_level": 1013}, "visibility": 10000, "wind": {"speed": 5.14, "deg": 160}, "clouds": {"all": 75}, "dt": 1729644459, "sys": {"type": 1, "id": 8426, "country": "BR", "sunrise": 1729583635, "sunset": 1729628019}, "timezone": -10800, "id": 3390760, "name": "Recife", "cod": 200}