{
    "annotations": {
      "list": [
        {
          "builtIn": 1,
          "datasource": {
            "type": "grafana",
            "uid": "-- Grafana --"
          },
          "enable": true,
          "hide": true,
          "iconColor": "rgba(0, 211, 255, 1)",
          "name": "Annotations & Alerts",
          "type": "dashboard"
        }
      ]
    },
    "editable": true,
    "fiscalYearStartMonth": 0,
    "graphTooltip": 0,
    "id": 1,
    "links": [],
    "panels": [
      {
        "datasource": {
          "default": true,
          "type": "grafana-postgresql-datasource",
          "uid": "dsa10kzcvbw10s"
        },
        "fieldConfig": {
          "defaults": {
            "color": {
              "mode": "thresholds"
            },
            "mappings": [],
            "thresholds": {
              "mode": "absolute",
              "steps": [
                {
                  "color": "green",
                  "value": null
                },
                {
                  "color": "red",
                  "value": 80
                }
              ]
            }
          },
          "overrides": []
        },
        "gridPos": {
          "h": 5,
          "w": 8,
          "x": 0,
          "y": 0
        },
        "id": 1,
        "options": {
          "colorMode": "value",
          "graphMode": "area",
          "justifyMode": "auto",
          "orientation": "auto",
          "percentChangeColorMode": "standard",
          "reduceOptions": {
            "calcs": [
              "lastNotNull"
            ],
            "fields": "",
            "values": false
          },
          "showPercentChange": false,
          "textMode": "auto",
          "wideLayout": true
        },
        "pluginVersion": "11.2.0",
        "targets": [
          {
            "datasource": {
              "type": "grafana-postgresql-datasource",
              "uid": "dsa10kzcvbw10s"
            },
            "editorMode": "code",
            "format": "table",
            "rawQuery": true,
            "rawSql": "SELECT \r\n  COUNT(*) Total_Question_Answered\r\nFROM dsa_avaliacao \r\n--GROUP BY 1",
            "refId": "A",
            "sql": {
              "columns": [
                {
                  "parameters": [],
                  "type": "function"
                }
              ],
              "groupBy": [
                {
                  "property": {
                    "type": "string"
                  },
                  "type": "groupBy"
                }
              ],
              "limit": 50
            },
            "table": "evaluation_data"
          }
        ],
        "title": "Total de Perguntas Respondidas",
        "type": "stat"
      },
      {
        "datasource": {
          "default": true,
          "type": "grafana-postgresql-datasource",
          "uid": "dsa10kzcvbw10s"
        },
        "fieldConfig": {
          "defaults": {
            "color": {
              "mode": "thresholds"
            },
            "mappings": [],
            "thresholds": {
              "mode": "absolute",
              "steps": [
                {
                  "color": "green",
                  "value": null
                },
                {
                  "color": "red",
                  "value": 80
                }
              ]
            }
          },
          "overrides": []
        },
        "gridPos": {
          "h": 5,
          "w": 8,
          "x": 8,
          "y": 0
        },
        "id": 2,
        "options": {
          "colorMode": "value",
          "graphMode": "area",
          "justifyMode": "auto",
          "orientation": "auto",
          "percentChangeColorMode": "standard",
          "reduceOptions": {
            "calcs": [
              "lastNotNull"
            ],
            "fields": "",
            "values": false
          },
          "showPercentChange": false,
          "textMode": "auto",
          "wideLayout": true
        },
        "pluginVersion": "11.2.0",
        "targets": [
          {
            "datasource": {
              "type": "grafana-postgresql-datasource",
              "uid": "dsa10kzcvbw10s"
            },
            "editorMode": "code",
            "format": "table",
            "rawQuery": true,
            "rawSql": "SELECT \r\n  COUNT(*) Users_Filled_Feedback\r\nFROM dsa_feedback ",
            "refId": "A",
            "sql": {
              "columns": [
                {
                  "parameters": [],
                  "type": "function"
                }
              ],
              "groupBy": [
                {
                  "property": {
                    "type": "string"
                  },
                  "type": "groupBy"
                }
              ],
              "limit": 50
            }
          }
        ],
        "title": "Feedbacks Preenchidos Pelos Usuários",
        "type": "stat"
      },
      {
        "datasource": {
          "default": true,
          "type": "grafana-postgresql-datasource",
          "uid": "dsa10kzcvbw10s"
        },
        "fieldConfig": {
          "defaults": {
            "color": {
              "mode": "thresholds"
            },
            "mappings": [],
            "thresholds": {
              "mode": "absolute",
              "steps": [
                {
                  "color": "green",
                  "value": null
                },
                {
                  "color": "red",
                  "value": 80
                }
              ]
            }
          },
          "overrides": []
        },
        "gridPos": {
          "h": 5,
          "w": 8,
          "x": 16,
          "y": 0
        },
        "id": 5,
        "options": {
          "colorMode": "value",
          "graphMode": "area",
          "justifyMode": "auto",
          "orientation": "auto",
          "percentChangeColorMode": "standard",
          "reduceOptions": {
            "calcs": [
              "lastNotNull"
            ],
            "fields": "",
            "values": false
          },
          "showPercentChange": false,
          "text": {},
          "textMode": "auto",
          "wideLayout": true
        },
        "pluginVersion": "11.2.0",
        "targets": [
          {
            "datasource": {
              "type": "grafana-postgresql-datasource",
              "uid": "dsa10kzcvbw10s"
            },
            "editorMode": "code",
            "format": "table",
            "rawQuery": true,
            "rawSql": "SELECT \r\n\r\n  COUNT(CASE WHEN is_satisfied = TRUE THEN id ELSE NULL END)/COUNT(id)::float AS Users_Satisfaction\r\nFROM dsa_feedback ",
            "refId": "A",
            "sql": {
              "columns": [
                {
                  "parameters": [],
                  "type": "function"
                }
              ],
              "groupBy": [
                {
                  "property": {
                    "type": "string"
                  },
                  "type": "groupBy"
                }
              ],
              "limit": 50
            }
          }
        ],
        "title": "Taxa de Satisfação dos Usuários com o LLM",
        "type": "stat"
      },
      {
        "datasource": {
          "default": true,
          "type": "grafana-postgresql-datasource",
          "uid": "dsa10kzcvbw10s"
        },
        "fieldConfig": {
          "defaults": {
            "color": {
              "mode": "palette-classic"
            },
            "custom": {
              "axisBorderShow": false,
              "axisCenteredZero": false,
              "axisColorMode": "text",
              "axisLabel": "",
              "axisPlacement": "auto",
              "barAlignment": 0,
              "barWidthFactor": 0.6,
              "drawStyle": "line",
              "fillOpacity": 40,
              "gradientMode": "none",
              "hideFrom": {
                "legend": false,
                "tooltip": false,
                "viz": false
              },
              "insertNulls": false,
              "lineInterpolation": "linear",
              "lineWidth": 5,
              "pointSize": 5,
              "scaleDistribution": {
                "type": "linear"
              },
              "showPoints": "auto",
              "spanNulls": false,
              "stacking": {
                "group": "A",
                "mode": "none"
              },
              "thresholdsStyle": {
                "mode": "off"
              }
            },
            "mappings": [],
            "thresholds": {
              "mode": "absolute",
              "steps": [
                {
                  "color": "green",
                  "value": null
                },
                {
                  "color": "red",
                  "value": 80
                }
              ]
            }
          },
          "overrides": []
        },
        "gridPos": {
          "h": 9,
          "w": 24,
          "x": 0,
          "y": 5
        },
        "id": 3,
        "options": {
          "legend": {
            "calcs": [],
            "displayMode": "list",
            "placement": "bottom",
            "showLegend": true
          },
          "tooltip": {
            "mode": "single",
            "sort": "none"
          }
        },
        "targets": [
          {
            "datasource": {
              "type": "grafana-postgresql-datasource",
              "uid": "dsa10kzcvbw10s"
            },
            "editorMode": "code",
            "format": "table",
            "rawQuery": true,
            "rawSql": "SELECT \r\n  created_time,\r\n  response_time\r\nFROM dsa_avaliacao ",
            "refId": "A",
            "sql": {
              "columns": [
                {
                  "parameters": [],
                  "type": "function"
                }
              ],
              "groupBy": [
                {
                  "property": {
                    "type": "string"
                  },
                  "type": "groupBy"
                }
              ],
              "limit": 50
            }
          }
        ],
        "title": "Tempo de Resposta do LLM",
        "type": "timeseries"
      },
      {
        "datasource": {
          "default": true,
          "type": "grafana-postgresql-datasource",
          "uid": "dsa10kzcvbw10s"
        },
        "fieldConfig": {
          "defaults": {
            "color": {
              "mode": "palette-classic"
            },
            "custom": {
              "axisBorderShow": false,
              "axisCenteredZero": false,
              "axisColorMode": "text",
              "axisLabel": "",
              "axisPlacement": "auto",
              "barAlignment": 0,
              "barWidthFactor": 0.6,
              "drawStyle": "line",
              "fillOpacity": 3,
              "gradientMode": "none",
              "hideFrom": {
                "legend": false,
                "tooltip": false,
                "viz": false
              },
              "insertNulls": false,
              "lineInterpolation": "linear",
              "lineWidth": 1,
              "pointSize": 5,
              "scaleDistribution": {
                "type": "linear"
              },
              "showPoints": "auto",
              "spanNulls": false,
              "stacking": {
                "group": "A",
                "mode": "none"
              },
              "thresholdsStyle": {
                "mode": "off"
              }
            },
            "mappings": [],
            "thresholds": {
              "mode": "absolute",
              "steps": [
                {
                  "color": "green",
                  "value": null
                },
                {
                  "color": "red",
                  "value": 80
                }
              ]
            }
          },
          "overrides": []
        },
        "gridPos": {
          "h": 9,
          "w": 24,
          "x": 0,
          "y": 14
        },
        "id": 4,
        "options": {
          "legend": {
            "calcs": [],
            "displayMode": "list",
            "placement": "bottom",
            "showLegend": true
          },
          "tooltip": {
            "mode": "single",
            "sort": "none"
          }
        },
        "targets": [
          {
            "datasource": {
              "type": "grafana-postgresql-datasource",
              "uid": "dsa10kzcvbw10s"
            },
            "editorMode": "code",
            "format": "table",
            "rawQuery": true,
            "rawSql": "SELECT \r\n  created_time,\r\n  llm_score,\r\n  mrr_score,\r\n  hit_rate_score\r\nFROM dsa_avaliacao ",
            "refId": "A",
            "sql": {
              "columns": [
                {
                  "parameters": [],
                  "type": "function"
                }
              ],
              "groupBy": [
                {
                  "property": {
                    "type": "string"
                  },
                  "type": "groupBy"
                }
              ],
              "limit": 50
            }
          }
        ],
        "title": "Score de Performance do LLM",
        "type": "timeseries"
      }
    ],
    "refresh": "5s",
    "schemaVersion": 39,
    "tags": [],
    "templating": {
      "list": []
    },
    "time": {
      "from": "now-5m",
      "to": "now"
    },
    "timepicker": {},
    "timezone": "browser",
    "title": "Monitoramento do LLM do Projeto 7 DSA",
    "uid": "dsa10jaqwbqzxc",
    "version": 3,
    "weekStart": ""
  }