<?xml version="1.0" encoding="UTF-8"?>
<?xml-stylesheet type="text/xsl" href="configuration.xsl"?>
<configuration>
    <property>
        <name>dfs.namenode.name.dir</name>
        <value>/opt/hadoop/data/nameNode</value>
    </property>
    <property>
        <name>dfs.datanode.data.dir</name>
        <value>/opt/hadoop/data/dataNode</value>
    </property>
    <property>
        <name>dfs.replication</name>
        <value>2</value>
    </property>
    <property>
        <name>dfs.permissions.enabled</name>
        <value>false</value>
    </property>
</configuration>
