<?xml version="1.0"?>
<configuration>
    <property>
        <name>yarn.resourcemanager.hostname</name>
        <value>spark-master-yarn</value>
    </property>
    <property>
        <name>yarn.nodemanager.resource.cpu-vcores</name>
        <value>2</value>
    </property>
    <property>
        <name>yarn.nodemanager.aux-services</name>
        <value>mapreduce_shuffle</value>
    </property>
    <property>
        <name>yarn.nodemanager.resource.memory-mb</name>
        <value>2048</value>
    </property>
    <property>
        <name>yarn.scheduler.maximum-allocation-mb</name>
        <value>2048</value>
    </property>
    <property>
        <name>yarn.scheduler.minimum-allocation-mb</name>
        <value>512</value>
    </property>

    <property>
        <name>yarn.log-aggregation-enable</name>
        <value>true</value>
    </property>
</configuration>
